truth,other,relative_gain,share_better,share_worse_point
both,conn,-0.055,0.083,0.375
both,conn_matched,-0.469,0.0,1.0
both,disc,-0.023,0.0,0.542
both,ll+conn,-0.081,0.125,0.375
both,"stack(ll,conn)",0.048,0.167,0.083
disconnection,conn,-0.011,0.25,0.417
disconnection,conn_matched,-0.283,0.042,0.792
disconnection,disc,-0.012,0.125,0.542
disconnection,ll+conn,-0.011,0.25,0.375
disconnection,"stack(ll,conn)",0.042,0.167,0.333
load,conn,-0.127,0.042,0.833
load,conn_matched,-0.179,0.0,1.0
load,disc,-0.055,0.042,0.792
load,ll+conn,-0.171,0.042,0.792
load,"stack(ll,conn)",0.003,0.0,0.458
none,conn,0.006,0.083,0.0
none,conn_matched,0.006,0.083,0.0
none,disc,0.006,0.083,0.0
none,ll+conn,0.0,0.0,0.0
none,"stack(ll,conn)",-0.012,0.0,0.875
