task,model,set,n,r,p,R2,rmse,mae,truth,dataset
task_0,linear,ll,200,0.4830061188503547,4.3696370363360274e-13,0.206232277174771,5.568326376468941,4.4847376263500855,load,0
task_0,linear,disc,200,0.4963342996940493,7.776883799092671e-14,0.21670928275232726,5.531455908921167,4.500736932996394,load,0
task_0,linear,conn_matched,200,0.38280139657970075,2.2158010507261237e-08,0.14114992851843755,5.792107893728464,4.719518069503059,load,0
task_0,linear,conn,200,0.4296133122512756,2.1790693669651582e-10,0.07101955967483664,6.023948497063489,4.84654470594554,load,0
task_0,linear,ll+conn,200,0.40914903431191224,1.794839033693291e-09,-0.007088398939024243,6.272082492541187,4.99159704823033,load,0
task_0,linear,"stack(ll,conn)",200,0.46551424228065064,3.769573256574018e-12,0.20894679348228773,5.558796978100995,4.465802147031516,load,0
task_0,ridge,ll,200,0.4849683399244174,3.4049370580117375e-13,0.22275138472170108,5.5100804980275875,4.424175196474659,load,0
task_0,ridge,disc,200,0.4726276473103726,1.5926146266217585e-12,0.21901838596597734,5.523296658746054,4.419519949559727,load,0
task_0,ridge,conn_matched,200,0.38088362927768066,2.638142275798251e-08,0.14492376972944998,5.779368440711186,4.695532399335439,load,0
task_0,ridge,conn,200,0.4919309828859096,1.3869839338573088e-13,0.23783059431050257,5.456368850895754,4.3991294883772385,load,0
task_0,ridge,ll+conn,200,0.48690771905191227,2.6567651202982284e-13,0.23197083192143675,5.477303701829902,4.419293799190907,load,0
task_0,ridge,"stack(ll,conn)",200,0.491004748872601,1.5648341662306945e-13,0.23732308639674138,5.45818517252285,4.3863244058210356,load,0
task_0,bagged_trees,ll,200,0.4055953861810931,2.551902143482312e-09,0.1638048860892798,5.71520454017962,4.567690885890775,load,0
task_0,bagged_trees,disc,200,0.4752157400935282,1.1582799706325877e-12,0.22450598669472543,5.503857611069274,4.377837039801293,load,0
task_0,bagged_trees,conn_matched,200,0.32601460680082484,2.4651189248551653e-06,0.10472580558236388,5.913655190147822,4.74832741852252,load,0
task_0,bagged_trees,conn,200,0.47777043343002373,8.436396457863562e-13,0.22780440544083047,5.492140323985188,4.431035977811011,load,0
task_0,bagged_trees,ll+conn,200,0.47096255109757856,1.951976232377591e-12,0.2216069463393947,5.514135589243024,4.428119908133434,load,0
task_0,bagged_trees,"stack(ll,conn)",200,0.47365567784947116,1.403834671206145e-12,0.22029828536778873,5.518768919119278,4.466741712308292,load,0
task_0,svm_gaussian_10,ll,200,0.4713423127851608,1.863645185504609e-12,0.22153012079500944,5.514407698567645,4.42690695387579,load,0
task_0,svm_gaussian_10,disc,200,0.4636144951907604,4.729010768734507e-12,0.2138469272137431,5.541553408464013,4.442877968896795,load,0
task_0,svm_gaussian_10,conn_matched,200,0.35231192260480604,3.1174173399999307e-07,0.1214540651368361,5.858146144024171,4.740424364787181,load,0
task_0,svm_gaussian_10,conn,200,0.46761952642464216,2.9271698880527605e-12,0.21810750116994249,5.526516722275066,4.504162943945272,load,0
task_0,svm_gaussian_10,ll+conn,200,0.4635051517068594,4.79093121236059e-12,0.21318678753171016,5.543879565925155,4.499461161718162,load,0
task_0,svm_gaussian_10,"stack(ll,conn)",200,0.48096639647351364,5.653677669779598e-13,0.22851016031315163,5.4896299555789785,4.442170905097992,load,0
task_1,linear,ll,200,0.4841513549182485,3.7783275295196904e-13,0.22531452009588537,5.478231582394594,4.329366435620332,load,0
task_1,linear,disc,200,0.41211356423469575,1.333973830756584e-09,0.1057443599236515,5.885840964836805,4.610662047945727,load,0
task_1,linear,conn_matched,200,0.3727809721425464,5.4460282408881746e-08,0.1331078527093521,5.795090382844081,4.545678325535762,load,0
task_1,linear,conn,200,0.3386611499317941,9.338290664861748e-07,-0.1584910673290978,6.699216667641817,5.178106366013772,load,0
task_1,linear,ll+conn,200,0.3229973712540424,3.087868083537257e-06,-0.15484911470847584,6.688678202655584,5.164098522272742,load,0
task_1,linear,"stack(ll,conn)",200,0.4772621736850279,8.987418913479442e-13,0.22750272419464446,5.47048910744068,4.3540420688359855,load,0
task_1,ridge,ll,200,0.46958408840749,2.3081646047370408e-12,0.21906594304441585,5.500280790300208,4.367733179571311,load,0
task_1,ridge,disc,200,0.46190021620307153,5.795815129397163e-12,0.21197459554877374,5.52519727076538,4.380163883585394,load,0
task_1,ridge,conn_matched,200,0.36427900449083644,1.14086677634486e-07,0.1316833558708741,5.799849740453523,4.554879149284647,load,0
task_1,ridge,conn,200,0.43442546317225067,1.2997972711042872e-10,0.18786949782117546,5.609066518758832,4.499827248259263,load,0
task_1,ridge,ll+conn,200,0.4335563674159713,1.4277877883854887e-10,0.18669043630976068,5.613136699476744,4.496556615424908,load,0
task_1,ridge,"stack(ll,conn)",200,0.4723628628395897,1.6451076090164634e-12,0.22309719143932738,5.486065962087206,4.343164103987855,load,0
task_1,bagged_trees,ll,200,0.43707213150680363,9.74874514355486e-11,0.18702732384662968,5.611974047675411,4.4130329707384925,load,0
task_1,bagged_trees,disc,200,0.4524994883014982,1.7335228731912683e-11,0.20438673438208455,5.551734480380363,4.385636838625396,load,0
task_1,bagged_trees,conn_matched,200,0.3533794719026867,2.8547938630231377e-07,0.11721431133542104,5.847972494966219,4.484708117930994,load,0
task_1,bagged_trees,conn,200,0.4636952072896084,4.683804178849282e-12,0.21464976766858046,5.5158108858958395,4.369701584558013,load,0
task_1,bagged_trees,ll+conn,200,0.46492175215669945,4.046416353192532e-12,0.21516038752985833,5.514017456398888,4.3603093655359535,load,0
task_1,bagged_trees,"stack(ll,conn)",200,0.4432038136479882,4.958500277093256e-11,0.1932908645154351,5.590313544438267,4.430744969080971,load,0
task_1,svm_gaussian_10,ll,200,0.4574889953657505,9.731873731118243e-12,0.20659623881718192,5.544020236072896,4.432470758385456,load,0
task_1,svm_gaussian_10,disc,200,0.44057406998379073,6.637226654925924e-11,0.18488485135890442,5.6193639570914025,4.420472689271824,load,0
task_1,svm_gaussian_10,conn_matched,200,0.3522652227226732,3.129418747529409e-07,0.12142580427993555,5.834006399097621,4.558978620258043,load,0
task_1,svm_gaussian_10,conn,200,0.40728933363903175,2.1589007941173325e-09,0.1594598899758548,5.706330224407061,4.593126351777985,load,0
task_1,svm_gaussian_10,ll+conn,200,0.3962788799105589,6.297019362218052e-09,0.1492336201049974,5.740937766680581,4.621123819056961,load,0
task_1,svm_gaussian_10,"stack(ll,conn)",200,0.4471791033836134,3.175773066654123e-11,0.19961763043727943,5.568348859059337,4.4598273239566755,load,0
task_0,linear,ll,200,0.5373703288695044,2.3268945883011177e-16,0.2844051286395447,4.790014884060512,3.7069233251458376,load,1
task_0,linear,disc,200,0.4575312583511664,9.684010711932663e-12,0.17852477200988337,5.1321635637650385,3.983884195756927,load,1
task_0,linear,conn_matched,200,0.3607856415771242,1.5364775739436236e-07,0.12608528368598726,5.293437376884247,4.158704622962773,load,1
task_0,linear,conn,200,0.44074664788133905,6.511923605926528e-11,0.1181193324928208,5.3175081512876945,4.163093832693406,load,1
task_0,linear,ll+conn,200,0.4261546316532169,3.143314727224251e-10,0.08146754761447017,5.426883588249224,4.278729761969934,load,1
task_0,linear,"stack(ll,conn)",200,0.5360723653192874,2.830979311616377e-16,0.28732982077596914,4.78021627939752,3.7343643756227936,load,1
task_0,ridge,ll,200,0.5337160759067359,4.032762186666285e-16,0.2846111749990444,4.78932522275596,3.719587048715403,load,1
task_0,ridge,disc,200,0.44184932437701807,5.763836923054019e-11,0.19258768222306566,5.088044940221655,3.9406071707777146,load,1
task_0,ridge,conn_matched,200,0.34675102902161115,4.904822321914108e-07,0.12022414080123345,5.311158640524528,4.1594475151494965,load,1
task_0,ridge,conn,200,0.5173594526287393,4.3654571767306956e-15,0.26762731828216324,4.845842799315774,3.8005488773924596,load,1
task_0,ridge,ll+conn,200,0.5168119324904983,4.717409508229926e-15,0.2670919340728257,4.847613696709814,3.7969980938892367,load,1
task_0,ridge,"stack(ll,conn)",200,0.5313635866348599,5.725742549917473e-16,0.2823440461584399,4.796908111994857,3.7213465605813316,load,1
task_0,bagged_trees,ll,200,0.4586259080640699,8.52106022872057e-12,0.2061576057390142,5.045107184218198,3.9668834192055673,load,1
task_0,bagged_trees,disc,200,0.47827145633159535,7.925484295900905e-13,0.22846963141009013,4.973702056590636,3.8932843853057024,load,1
task_0,bagged_trees,conn_matched,200,0.3241127685647908,2.8419683564468756e-06,0.10459607067223986,5.358123890919006,4.223974144374278,load,1
task_0,bagged_trees,conn,200,0.49937452076562244,5.1904859622931834e-14,0.2489301546644327,4.907309124013997,3.8683425107292613,load,1
task_0,bagged_trees,ll+conn,200,0.48864799779580453,2.1236348142064375e-13,0.23872318936603598,4.940541522844299,3.8585549523595066,load,1
task_0,bagged_trees,"stack(ll,conn)",200,0.5010975305795777,4.1201712614386246e-14,0.25099738325664833,4.9005510842560005,3.849481897099122,load,1
task_0,svm_gaussian_10,ll,200,0.5333817809798549,4.239424863185041e-16,0.2785231534014989,4.8096608386355655,3.770856126067226,load,1
task_0,svm_gaussian_10,disc,200,0.48064354941291276,5.888063181718966e-13,0.22947028219709908,4.970475642011992,3.921229021153722,load,1
task_0,svm_gaussian_10,conn_matched,200,0.37970554956376096,2.9349499853791205e-08,0.12779870147952077,5.288245611809971,4.135713759018335,load,1
task_0,svm_gaussian_10,conn,200,0.44233444098572755,5.461794231385791e-11,0.18934406222650357,5.098254805790472,4.035434682990887,load,1
task_0,svm_gaussian_10,ll+conn,200,0.4368432597698574,9.995268282863678e-11,0.18337522926059224,5.11698952435475,4.046640245591509,load,1
task_0,svm_gaussian_10,"stack(ll,conn)",200,0.5269897836292018,1.0907845005698943e-15,0.2768428453120483,4.815258393137629,3.749635409649654,load,1
task_1,linear,ll,200,0.5346576810971103,3.5021859554541306e-16,0.2832640835549951,4.8286107281908555,3.893377186917758,load,1
task_1,linear,disc,200,0.41673471250432487,8.350764840923389e-10,0.15576858154234763,5.24050773395674,4.244656194063544,load,1
task_1,linear,conn_matched,200,0.3799897723296313,2.8605303546152873e-08,0.14310688935370774,5.279659767012545,4.1292329340650165,load,1
task_1,linear,conn,200,0.3855985695989669,1.7145206829930722e-08,0.09390557250933962,5.429118746383252,4.34549788403163,load,1
task_1,linear,ll+conn,200,0.45561708978348014,1.209874145984712e-11,0.16360631860369745,5.216124906753196,4.207497084247717,load,1
task_1,linear,"stack(ll,conn)",200,0.5117951108946317,9.537950547466735e-15,0.26157672913536745,4.901119574732188,3.952499716212721,load,1
task_1,ridge,ll,200,0.5317309851699095,5.421698401177101e-16,0.2824730432815983,4.831274590948483,3.895703839256478,load,1
task_1,ridge,disc,200,0.41215236566977315,1.3287770686077982e-09,0.1656767181156803,5.2096649380785625,4.2003231746071705,load,1
task_1,ridge,conn_matched,200,0.37657323769159656,3.888863444448259e-08,0.14152994111049033,5.284515637087226,4.131500890714823,load,1
task_1,ridge,conn,200,0.4212767752549372,5.233056888715722e-10,0.17389050547150509,5.183957325395404,4.140442864638591,load,1
task_1,ridge,ll+conn,200,0.4756334670222546,1.0999750395673967e-12,0.22440542153502308,5.022963164109506,4.023855554428572,load,1
task_1,ridge,"stack(ll,conn)",200,0.5285959963436673,8.618185179619092e-16,0.27794011049196876,4.846511206031089,3.908480439461932,load,1
task_1,bagged_trees,ll,200,0.4146022701391207,1.0374795958052845e-09,0.1638247470252685,5.215443753636008,4.161661347862925,load,1
task_1,bagged_trees,disc,200,0.3346792928437027,1.2736008206374787e-06,0.1094307763250032,5.382405980120832,4.3226850700154476,load,1
task_1,bagged_trees,conn_matched,200,0.30707679196253135,9.74153319150206e-06,0.09291563937240255,5.432083667727024,4.222748794474363,load,1
task_1,bagged_trees,conn,200,0.404317333736501,2.8933085382298e-09,0.162523949890773,5.21949888313204,4.194959871921054,load,1
task_1,bagged_trees,ll+conn,200,0.45178982343853474,1.8804540815287212e-11,0.19971871221854298,5.10227593770858,4.101430503139959,load,1
task_1,bagged_trees,"stack(ll,conn)",200,0.3824953842648475,2.2785231832582472e-08,0.14594029156625388,5.270923679540236,4.220345899326871,load,1
task_1,svm_gaussian_10,ll,200,0.5166214151363628,4.846259925140017e-15,0.2549211090832727,4.923157623287158,4.0019915416766185,load,1
task_1,svm_gaussian_10,disc,200,0.34601435450380386,5.204930546109262e-07,0.11766950322539904,5.3574515988263265,4.300236039822986,load,1
task_1,svm_gaussian_10,conn_matched,200,0.3622305396892437,1.3590534605732598e-07,0.12252342958376339,5.342694918117416,4.178684775341656,load,1
task_1,svm_gaussian_10,conn,200,0.37089591674403255,6.428166336663804e-08,0.13115606748812525,5.316349172868451,4.303702901527066,load,1
task_1,svm_gaussian_10,ll+conn,200,0.4266562865895604,2.981402556043911e-10,0.17930896476055713,5.166928546109663,4.199804008883409,load,1
task_1,svm_gaussian_10,"stack(ll,conn)",200,0.5128457776581995,8.238286882052244e-15,0.26071213497607426,4.9039880106765406,3.968234357984753,load,1
task_0,linear,ll,200,0.4476292734442296,3.018414567071465e-11,0.17258098031718638,5.1868012652871105,4.051505621624049,load,2
task_0,linear,disc,200,0.39636211300836893,6.247177681763399e-09,0.10950691297906345,5.380865473653688,4.140519870019553,load,2
task_0,linear,conn_matched,200,0.33354811786160443,1.3898740865690889e-06,0.10819110534988396,5.384839435060968,4.311748156105072,load,2
task_0,linear,conn,200,0.32094914683807224,3.5930734198796105e-06,-0.021747714995521195,5.763797254935772,4.469360691909136,load,2
task_0,linear,ll+conn,200,0.3305044554973906,1.7551688483296748e-06,-0.04981581851848027,5.842428611481508,4.567898423518912,load,2
task_0,linear,"stack(ll,conn)",200,0.4330447027465646,1.5087693751254854e-10,0.18420110312750104,5.150251237415136,4.126377686013784,load,2
task_0,ridge,ll,200,0.44696781687758463,3.252348751351405e-11,0.19357466918734734,5.120577443528487,4.071830215821918,load,2
task_0,ridge,disc,200,0.41128856259262836,1.4492369063405016e-09,0.16712775947961556,5.203865365413295,4.120176403882443,load,2
task_0,ridge,conn_matched,200,0.321659010809667,3.409678453917519e-06,0.10342981145775376,5.399194905975919,4.335722370825933,load,2
task_0,ridge,conn,200,0.3726677057827163,5.500719810157008e-08,0.13042273729458898,5.317297334417358,4.190292913804009,load,2
task_0,ridge,ll+conn,200,0.3923689364052354,9.124003747243942e-09,0.14642476313267327,5.268145508896988,4.167002142205473,load,2
task_0,ridge,"stack(ll,conn)",200,0.44144719920793285,6.026441620437762e-11,0.19363288263180822,5.120392620570357,4.099161427889734,load,2
task_0,bagged_trees,ll,200,0.43142005974951003,1.7965266656582728e-10,0.18450660610974456,5.149286805831248,4.1237221065949985,load,2
task_0,bagged_trees,disc,200,0.46895064027582123,2.4923447765956372e-12,0.2191204523148923,5.038820439575013,4.046781017654871,load,2
task_0,bagged_trees,conn_matched,200,0.3072826716660503,9.601890496822611e-06,0.09025146201493894,5.438730528098832,4.361328586489022,load,2
task_0,bagged_trees,conn,200,0.40728047638290843,2.1607947471227033e-09,0.1654524871877192,5.209096366975527,4.170760742963994,load,2
task_0,bagged_trees,ll+conn,200,0.42132101342880496,5.209111857150916e-10,0.176405822656019,5.174799077498569,4.1119361924432845,load,2
task_0,bagged_trees,"stack(ll,conn)",200,0.4215455458951249,5.089204641584324e-10,0.17109395088721957,5.19146000750658,4.1533816897085,load,2
task_0,svm_gaussian_10,ll,200,0.44221934099449567,5.5320361227173695e-11,0.19305832101880926,5.122216515111265,4.063289269448533,load,2
task_0,svm_gaussian_10,disc,200,0.4043224407372087,2.891860277823789e-09,0.15467140781786637,5.242635181934517,4.1633973232225125,load,2
task_0,svm_gaussian_10,conn_matched,200,0.30108587028284883,1.4758438773685808e-05,0.08471801827128378,5.4552456883734814,4.317469143547303,load,2
task_0,svm_gaussian_10,conn,200,0.39096608393432986,1.0410222585308331e-08,0.1321576883859058,5.3119902402222205,4.116099574069546,load,2
task_0,svm_gaussian_10,ll+conn,200,0.4034892451702103,3.1376470621480734e-09,0.14291188574455183,5.278974869250705,4.108835519424438,load,2
task_0,svm_gaussian_10,"stack(ll,conn)",200,0.4212110285497117,5.268840989158014e-10,0.16715792999898382,5.20377111041533,4.12215923501249,load,2
task_1,linear,ll,200,0.5998048259677565,6.2923440595320784e-21,0.3448043743371817,4.748251008800209,3.8027096240603906,load,2
task_1,linear,disc,200,0.5614956664697933,5.188832330121199e-18,0.3021065241023164,4.9005265198420185,4.001097476437306,load,2
task_1,linear,conn_matched,200,0.3438519778718496,6.190730341466129e-07,0.11553486422157178,5.516816436821645,4.494452348305077,load,2
task_1,linear,conn,200,0.4092053402587943,1.784799365888112e-09,-0.2600591845025073,6.584816041495458,5.067957393236468,load,2
task_1,linear,ll+conn,200,0.3484903557830037,4.260552487103041e-07,-1.036669820664875,8.371600371674136,5.729385143062697,load,2
task_1,linear,"stack(ll,conn)",200,0.5861043238439447,7.692532124752205e-20,0.34291501347875886,4.755092249124037,3.8455145145458873,load,2
task_1,ridge,ll,200,0.5998824064656546,6.201646804060713e-21,0.35813004670650983,4.699716898698161,3.81532760966852,load,2
task_1,ridge,disc,200,0.586920006059177,6.649231081521654e-20,0.3436979112057852,4.752258627493205,3.947910187316426,load,2
task_1,ridge,conn_matched,200,0.3406828417111807,7.963804071105008e-07,0.11599101504141651,5.515393641967926,4.492582291116642,load,2
task_1,ridge,conn,200,0.5829412746401471,1.3485031885420272e-19,0.3397354748279675,4.76658296521192,3.9515751708852678,load,2
task_1,ridge,ll+conn,200,0.581839368891568,1.637411401263397e-19,0.3376900331325047,4.773960484268663,3.9498939528291213,load,2
task_1,ridge,"stack(ll,conn)",200,0.59402856992106,1.8345165697593127e-20,0.3524264415412506,4.720551372288702,3.8433332920021224,load,2
task_1,bagged_trees,ll,200,0.5995867551887398,6.55431371926562e-21,0.34923544352630576,4.732167627241032,3.8439818388096882,load,2
task_1,bagged_trees,disc,200,0.5620113818056414,4.767439546552789e-18,0.31528614988089876,4.8540330710983435,3.9665479360768865,load,2
task_1,bagged_trees,conn_matched,200,0.30553251362915335,1.0852054854131471e-05,0.08966989766335243,5.596901019867514,4.4926722196925075,load,2
task_1,bagged_trees,conn,200,0.5276580376221184,9.890855457810923e-16,0.2773469873845136,4.986698179835097,4.066160645621474,load,2
task_1,bagged_trees,ll+conn,200,0.5591884312590115,7.565860094418773e-18,0.3107344381919742,4.870140210056879,3.974411185442488,load,2
task_1,bagged_trees,"stack(ll,conn)",200,0.5932762387126298,2.1055386016583006e-20,0.351346071322459,4.72448746396529,3.8060663833126798,load,2
task_1,svm_gaussian_10,ll,200,0.6193425400404287,1.4293525394935794e-22,0.3829252156982452,4.60804885209582,3.6799847295222876,load,2
task_1,svm_gaussian_10,disc,200,0.5840665283378554,1.1051724075203345e-19,0.34032712949625965,4.764446849292667,3.861632052634252,load,2
task_1,svm_gaussian_10,conn_matched,200,0.3081286962949116,9.04772742781133e-06,0.08978376656937148,5.596550963923269,4.468968237426832,load,2
task_1,svm_gaussian_10,conn,200,0.6014793597365312,4.595492842041806e-21,0.3601765004251961,4.692218938001872,3.8440725153163697,load,2
task_1,svm_gaussian_10,ll+conn,200,0.600609270654697,5.411868396305018e-21,0.35860474934620223,4.697978711201166,3.8527915118569593,load,2
task_1,svm_gaussian_10,"stack(ll,conn)",200,0.6171565626095374,2.2118540929980954e-22,0.37871510287682353,4.623741785667994,3.687127949893774,load,2
task_0,linear,ll,200,0.6747514885575752,6.335165304470793e-28,0.45478189019023074,5.435484246091954,4.341627580966606,disconnection,0
task_0,linear,disc,200,0.601088738299238,4.945847145878782e-21,0.34503732616484484,5.957463361700216,4.671716145732119,disconnection,0
task_0,linear,conn_matched,200,0.3400148351189186,8.395026951960265e-07,0.1127983823211165,6.93368755203605,5.468114889606938,disconnection,0
task_0,linear,conn,200,0.5419648696676433,1.1544281230462178e-16,0.10611286974315348,6.959762941404614,5.3147882943687295,disconnection,0
task_0,linear,ll+conn,200,0.530562225237124,6.447902272780262e-16,0.06586861841856606,7.114708089314119,5.44614306922949,disconnection,0
task_0,linear,"stack(ll,conn)",200,0.6719869968071619,1.2484497433922599e-27,0.4503414146906727,5.457573745416309,4.361394539838018,disconnection,0
task_0,ridge,ll,200,0.6757336884069376,4.9695009269599085e-28,0.45530864068692956,5.432857924762853,4.366992294376505,disconnection,0
task_0,ridge,disc,200,0.6225936761443317,7.419328992960138e-23,0.387526653615604,5.760984435000367,4.644309465872291,disconnection,0
task_0,ridge,conn_matched,200,0.3370903874972862,1.055977614473209e-06,0.11288962581578055,6.933330998273312,5.486652557935128,disconnection,0
task_0,ridge,conn,200,0.6519809137425517,1.3713096565829963e-25,0.4250656558369975,5.581645254346051,4.473641632752027,disconnection,0
task_0,ridge,ll+conn,200,0.6545239368241322,7.696498861801132e-26,0.4283827619530358,5.565520202206866,4.457868927330995,disconnection,0
task_0,ridge,"stack(ll,conn)",200,0.671260385010228,1.4903185284547058e-27,0.4501586453068549,5.458481030876898,4.36723987402253,disconnection,0
task_0,bagged_trees,ll,200,0.6041924470332765,2.7510513057164134e-21,0.3549960174936262,5.911998334193812,4.784898683174239,disconnection,0
task_0,bagged_trees,disc,200,0.6009972206791002,5.031646914477109e-21,0.358468902575118,5.896060911212054,4.700941938204874,disconnection,0
task_0,bagged_trees,conn_matched,200,0.3047688957130618,1.1444528934432712e-05,0.09193781429590486,7.014729044398018,5.5759055535051365,disconnection,0
task_0,bagged_trees,conn,200,0.6244632226231414,5.070980990113441e-23,0.38608709011837883,5.7677507992043155,4.648963085581113,disconnection,0
task_0,bagged_trees,ll+conn,200,0.6350086145019833,5.6439856727821124e-24,0.39724123579474135,5.715113659278776,4.642337772377044,disconnection,0
task_0,bagged_trees,"stack(ll,conn)",200,0.6297031075679849,1.7213770674907084e-23,0.39574178657847114,5.7222178279314075,4.670061439053532,disconnection,0
task_0,svm_gaussian_10,ll,200,0.6587995642306225,2.877821225168487e-26,0.43130842232851996,5.551259164332216,4.481273450865772,disconnection,0
task_0,svm_gaussian_10,disc,200,0.6134822317577409,4.572578670229663e-22,0.3738017890492691,5.825175526041208,4.629394020748593,disconnection,0
task_0,svm_gaussian_10,conn_matched,200,0.3257908559243962,2.506848910712853e-06,0.09382236180702974,7.007446252361287,5.486697823020449,disconnection,0
task_0,svm_gaussian_10,conn,200,0.612890920925876,5.134935307788333e-22,0.3732621915975737,5.827684773886764,4.62216067748275,disconnection,0
task_0,svm_gaussian_10,ll+conn,200,0.609401887102534,1.0130328850627395e-21,0.3687959776449694,5.8484123269606325,4.6346697415357,disconnection,0
task_0,svm_gaussian_10,"stack(ll,conn)",200,0.6553688101148532,6.344835763810083e-26,0.4291581982204685,5.561743924522438,4.48830945398497,disconnection,0
task_1,linear,ll,200,0.6680634221199817,3.2291413368076436e-27,0.4456792409265007,5.331522158475707,4.291324403795939,disconnection,0
task_1,linear,disc,200,0.5911683555283275,3.0917048789207656e-20,0.3352977410994855,5.838270653263986,4.621753503089366,disconnection,0
task_1,linear,conn_matched,200,0.21705950852882994,0.0020195840359473628,0.03828600521805525,7.022530190751574,5.497743056793754,disconnection,0
task_1,linear,conn,200,0.5638007762218836,3.549409766713165e-18,0.25161502047265083,6.194883994903463,4.751830956182324,disconnection,0
task_1,linear,ll+conn,200,0.5477610312049119,4.69523907498532e-17,0.20827210789025374,6.371748414961347,4.914280346884513,disconnection,0
task_1,linear,"stack(ll,conn)",200,0.6553939840360756,6.308370366014648e-26,0.42927808917308286,5.409821306625136,4.385490845384879,disconnection,0
task_1,ridge,ll,200,0.6654352508013234,6.054070678353966e-27,0.4423706778641321,5.347409561081216,4.304612648656019,disconnection,0
task_1,ridge,disc,200,0.5905153435789169,3.480454351725928e-20,0.34828907683734367,5.780935809724914,4.612536351208351,disconnection,0
task_1,ridge,conn_matched,200,0.20199401903209824,0.004126213241863212,0.040245220899852496,7.015373351077368,5.499803124374389,disconnection,0
task_1,ridge,conn,200,0.6604586888790529,1.9561369328390745e-26,0.43596147894721327,5.378052402777546,4.34875074840576,disconnection,0
task_1,ridge,ll+conn,200,0.6695092343333812,2.278958469605451e-27,0.44816779096476567,5.319541113260867,4.310154693367749,disconnection,0
task_1,ridge,"stack(ll,conn)",200,0.6698379482690081,2.1047822060526145e-27,0.44813348192649194,5.319706476481772,4.296383102043387,disconnection,0
task_1,bagged_trees,ll,200,0.5808612572943046,1.9441322594707283e-19,0.325578582648415,5.880798836164346,4.706072102267396,disconnection,0
task_1,bagged_trees,disc,200,0.5894331561893112,4.2327697248669024e-20,0.3446891895394696,5.796880040102579,4.619753899326195,disconnection,0
task_1,bagged_trees,conn_matched,200,0.24408948400025668,0.000495560870898823,0.059374005570285604,6.945110104297597,5.458995405616215,disconnection,0
task_1,bagged_trees,conn,200,0.6030906131920558,3.390402801593095e-21,0.35947622358391007,5.731103805632235,4.624365341702875,disconnection,0
task_1,bagged_trees,ll+conn,200,0.6178830970927999,1.913813123348715e-22,0.37670997577478504,5.653478371594656,4.566443919004755,disconnection,0
task_1,bagged_trees,"stack(ll,conn)",200,0.5988893194354233,7.466071979789787e-21,0.35802236965630585,5.737604317685671,4.578445195716842,disconnection,0
task_1,svm_gaussian_10,ll,200,0.6671960890402041,3.9762603245079936e-27,0.4419356719568386,5.34949490808034,4.306462481078928,disconnection,0
task_1,svm_gaussian_10,disc,200,0.6278580661440807,2.5241269565434487e-23,0.39366145961313637,5.5760702167663085,4.490833633389849,disconnection,0
task_1,svm_gaussian_10,conn_matched,200,0.2530655103736497,0.00029978612697343184,0.04150086559181021,7.01078275172512,5.357291447597785,disconnection,0
task_1,svm_gaussian_10,conn,200,0.6529394903997519,1.103734739428468e-25,0.42572024601541547,5.426657345241026,4.36234710280015,disconnection,0
task_1,svm_gaussian_10,ll+conn,200,0.6520090592106571,1.3626126942294008e-25,0.4246544009015062,5.431690863264576,4.376309316898052,disconnection,0
task_1,svm_gaussian_10,"stack(ll,conn)",200,0.6572964767548184,4.0742435604696337e-26,0.4319567849410877,5.397110817546733,4.340652755550856,disconnection,0
task_0,linear,ll,200,0.25122169928168697,0.0003328906918677455,0.050167183182955544,5.680609512704218,4.673920397390821,disconnection,1
task_0,linear,disc,200,0.42601906357101416,3.1885123940234384e-10,0.16589853746477723,5.3232981724299915,4.369916866859573,disconnection,1
task_0,linear,conn_matched,200,0.2845729171567534,4.426633174160725e-05,0.07433448445791735,5.6078758960576955,4.613005328333828,disconnection,1
task_0,linear,conn,200,0.3676565302392057,8.526282677705847e-08,0.11040176774125376,5.4975388503450375,4.593250725129911,disconnection,1
task_0,linear,ll+conn,200,0.3580423269454579,1.9363405979014987e-07,0.09554793508947579,5.543245700631552,4.621943628778609,disconnection,1
task_0,linear,"stack(ll,conn)",200,0.3532512676856208,2.885174762206584e-07,0.11685994600118488,5.477547377547674,4.571879268333515,disconnection,1
task_0,ridge,ll,200,0.23588825230953228,0.0007720285061423077,0.05263847822255319,5.673214734827503,4.685294647692726,disconnection,1
task_0,ridge,disc,200,0.4164236181890605,8.620207120036109e-10,0.17257918762922841,5.3019371086041875,4.387880231813496,disconnection,1
task_0,ridge,conn_matched,200,0.27117727777516776,0.00010274422848337013,0.07245866224291209,5.613555082616943,4.638381311240433,disconnection,1
task_0,ridge,conn,200,0.3377090394522282,1.0061504508037602e-06,0.11186366007690773,5.49301989218392,4.553798243767191,disconnection,1
task_0,ridge,ll+conn,200,0.3371105116976178,1.0543203363798226e-06,0.1108689423722139,5.4960951379658765,4.558561491398427,disconnection,1
task_0,ridge,"stack(ll,conn)",200,0.33130089978627236,1.6516009086382962e-06,0.10604770811485753,5.5109760367273015,4.569809994855785,disconnection,1
task_0,bagged_trees,ll,200,0.24155927901105392,0.0005691095568898087,0.05680102211196558,5.660737448174386,4.661941746625344,disconnection,1
task_0,bagged_trees,disc,200,0.35605136120025543,2.287171170689044e-07,0.12313692687035593,5.458046635862756,4.4538815108081655,disconnection,1
task_0,bagged_trees,conn_matched,200,0.25015400985074654,0.00035358105432241305,0.06215229338632022,5.644656414055539,4.647093099478313,disconnection,1
task_0,bagged_trees,conn,200,0.3406713336881676,7.971050364100818e-07,0.11162849506003236,5.493747078179406,4.512170313448669,disconnection,1
task_0,bagged_trees,ll+conn,200,0.3504861448967897,3.621062233773146e-07,0.11930714519965302,5.469952914744618,4.524914779366948,disconnection,1
task_0,bagged_trees,"stack(ll,conn)",200,0.3239012625034017,2.8871158394818044e-06,0.10399983174841687,5.517284729969319,4.5678247742861,disconnection,1
task_0,svm_gaussian_10,ll,200,0.19375741904256719,0.005976480639740247,0.018112780557359875,5.775667124419497,4.777763785017057,disconnection,1
task_0,svm_gaussian_10,disc,200,0.42556775612682535,3.343558847996316e-10,0.1764390278075213,5.2895561340195725,4.362266943373807,disconnection,1
task_0,svm_gaussian_10,conn_matched,200,0.2682569778426087,0.00012274416406471078,0.0686639811693337,5.625026220302,4.6542765984707,disconnection,1
task_0,svm_gaussian_10,conn,200,0.3257385000454647,2.5167100839235605e-06,0.07264525002667066,5.6129904320508,4.630489665916085,disconnection,1
task_0,svm_gaussian_10,ll+conn,200,0.31344884464256373,6.199502236104728e-06,0.059113030697879876,5.653795273724872,4.660193145262498,disconnection,1
task_0,svm_gaussian_10,"stack(ll,conn)",200,0.32199444074536954,3.326151776853183e-06,0.10105008060137555,5.526359083407937,4.588292745118666,disconnection,1
task_1,linear,ll,200,0.2718746906929279,9.844200390770984e-05,0.0465039842742645,5.621624177034807,4.420112746680659,disconnection,1
task_1,linear,disc,200,0.24655803970007734,0.0004323722216127124,0.03404460664054498,5.658233984465399,4.5925855966039215,disconnection,1
task_1,linear,conn_matched,200,0.24049598170824238,0.0006029279148500489,0.038282133576755806,5.6458093565437695,4.543984735784973,disconnection,1
task_1,linear,conn,200,0.15087474354795993,0.03296251695766289,-0.0689287489212187,5.952189450576983,4.728536870423311,disconnection,1
task_1,linear,ll+conn,200,0.22970237923510145,0.0010679611981126644,-0.005041001772582154,5.7715738470941105,4.550021013330074,disconnection,1
task_1,linear,"stack(ll,conn)",200,0.2279074372082198,0.0011715509835377072,0.04748380137333563,5.618735030576036,4.4370410346553735,disconnection,1
task_1,ridge,ll,200,0.2672515491711251,0.00013043438570240257,0.06253729618526016,5.574159176576831,4.402497345183596,disconnection,1
task_1,ridge,disc,200,0.2364504872782132,0.000749277044257669,0.04405816489158654,5.628829593322717,4.565142527225006,disconnection,1
task_1,ridge,conn_matched,200,0.22368418277499863,0.0014526226024177762,0.04182577620275696,5.635398197964957,4.51724808756167,disconnection,1
task_1,ridge,conn,200,0.13531705515151013,0.056072270433286,-0.04696736197080842,5.890727574649501,4.685235844256715,disconnection,1
task_1,ridge,ll+conn,200,0.22240851153785118,0.0015489268413436633,0.022849567260279535,5.690927872412439,4.493246959849806,disconnection,1
task_1,ridge,"stack(ll,conn)",200,0.22981110995687495,0.0010619647441556686,0.0501611854572076,5.610832751367227,4.422035733957936,disconnection,1
task_1,bagged_trees,ll,200,0.1709402480769417,0.015514212746349983,0.015488076432694564,5.7123243252042375,4.577687112353019,disconnection,1
task_1,bagged_trees,disc,200,0.15676239602501174,0.026637936692731432,0.004599821578094243,5.743825324677364,4.646678604388711,disconnection,1
task_1,bagged_trees,conn_matched,200,0.17906049221646447,0.011181884638439924,0.023652109213819328,5.688590388655495,4.5929614541844215,disconnection,1
task_1,bagged_trees,conn,200,0.12792493965994503,0.07104084357909642,-0.006193453143612748,5.774881947218998,4.6393387516127484,disconnection,1
task_1,bagged_trees,ll+conn,200,0.15242699332475326,0.03118230344362838,0.0018443442416749,5.751769889526549,4.630609659414703,disconnection,1
task_1,bagged_trees,"stack(ll,conn)",200,0.12061752547309137,0.08888396069847815,-0.013721967273689462,5.79644602058866,4.626544899868925,disconnection,1
task_1,svm_gaussian_10,ll,200,0.2686309502119028,0.00011999359858256961,0.06741253316288343,5.559646188450166,4.452054566610279,disconnection,1
task_1,svm_gaussian_10,disc,200,0.22849987144521236,0.0011363835036597432,0.048181240759828325,5.616677614276344,4.585806938490329,disconnection,1
task_1,svm_gaussian_10,conn_matched,200,0.22879086262065546,0.0011194670278310563,0.051433806612383504,5.607072714558185,4.532145508356344,disconnection,1
task_1,svm_gaussian_10,conn,200,0.12360633561615504,0.08119501227632844,-0.02984431153861178,5.842357847537013,4.677877846590065,disconnection,1
task_1,svm_gaussian_10,ll+conn,200,0.21783518803396104,0.001944096719177487,0.022242936605374575,5.692694107959912,4.54994778682846,disconnection,1
task_1,svm_gaussian_10,"stack(ll,conn)",200,0.2074259580514821,0.003206856536827358,0.03878267725757667,5.644339932870547,4.487355920025689,disconnection,1
task_0,linear,ll,200,0.4770213888356557,9.26054823469959e-13,0.21705927302077288,5.687032871962923,4.450319994495032,disconnection,2
task_0,linear,disc,200,0.5241203630517655,1.6565063101872766e-15,0.26433424002723305,5.51266457081204,4.375003929590747,disconnection,2
task_0,linear,conn_matched,200,0.28452787525837814,4.439506780446872e-05,0.07464469888288372,6.182662713260973,4.899544551607661,disconnection,2
task_0,linear,conn,200,0.5563832013760396,1.192054082822592e-17,0.2918538696662627,5.4085735419666525,4.418876212355953,disconnection,2
task_0,linear,ll+conn,200,0.5420144964921446,1.1456540508169759e-16,0.2673346330937745,5.501411457926747,4.433787187122316,disconnection,2
task_0,linear,"stack(ll,conn)",200,0.5391632721653985,1.7722999094357285e-16,0.28449863630765004,5.436589338167027,4.455390041106054,disconnection,2
task_0,ridge,ll,200,0.4760635476520541,1.042934317614356e-12,0.2265007321026241,5.652638988118618,4.454149512382491,disconnection,2
task_0,ridge,disc,200,0.5266732495219759,1.1424570276270032e-15,0.2773020533171756,5.463861807216058,4.305734366406377,disconnection,2
task_0,ridge,conn_matched,200,0.27216630878848413,9.669359501862086e-05,0.07370827172711503,6.185790241288241,4.9037306382120525,disconnection,2
task_0,ridge,conn,200,0.5477003282067838,4.740113915911443e-17,0.2989544507514894,5.381389343469114,4.344292439636991,disconnection,2
task_0,ridge,ll+conn,200,0.5447655605502286,7.490618976805437e-17,0.29617354043528854,5.392052238022958,4.327267625671663,disconnection,2
task_0,ridge,"stack(ll,conn)",200,0.5275424076119699,1.0059938734522534e-15,0.27795021680469967,5.461411080633481,4.426704707205146,disconnection,2
task_0,bagged_trees,ll,200,0.4143038986205279,1.0693377499994494e-09,0.1710568000966748,5.851721960084775,4.659040784918959,disconnection,2
task_0,bagged_trees,disc,200,0.4674998046631192,2.9697139456278393e-12,0.21789511214841872,5.68399642631662,4.521376312073117,disconnection,2
task_0,bagged_trees,conn_matched,200,0.19421486785378597,0.0058569256315287675,0.03728778299033253,6.306226101253186,4.967512162709965,disconnection,2
task_0,bagged_trees,conn,200,0.527707557817743,9.819295708339477e-16,0.27529837557745773,5.471430834241386,4.425962737656422,disconnection,2
task_0,bagged_trees,ll+conn,200,0.5200113765815871,2.9927576921091164e-15,0.2695885807798436,5.492942758886189,4.416340384554591,disconnection,2
task_0,bagged_trees,"stack(ll,conn)",200,0.4980951180022507,6.156245429750622e-14,0.247307428057162,5.576094319682736,4.49280206821051,disconnection,2
task_0,svm_gaussian_10,ll,200,0.4843439089290931,3.6868843615533014e-13,0.2328601529196377,5.629354090778008,4.470551230408533,disconnection,2
task_0,svm_gaussian_10,disc,200,0.5381154281831919,2.07837929606889e-16,0.2880220874834981,5.423186709630196,4.306200712237019,disconnection,2
task_0,svm_gaussian_10,conn_matched,200,0.26990017699870567,0.00011108244733478142,0.0727009392994532,6.189152817976854,4.946441842278669,disconnection,2
task_0,svm_gaussian_10,conn,200,0.5620365551155744,4.74775195347332e-18,0.31543627725529366,5.317753921591815,4.294565154764331,disconnection,2
task_0,svm_gaussian_10,ll+conn,200,0.5506077548009394,2.99905970328318e-17,0.3018833860662058,5.37013598144337,4.322886882430099,disconnection,2
task_0,svm_gaussian_10,"stack(ll,conn)",200,0.5352415673544078,3.208145560865317e-16,0.28622112744075223,5.4300413983677105,4.369837512207481,disconnection,2
task_1,linear,ll,200,0.5408845741207083,1.36257118565618e-16,0.28603625682191813,5.832611358408177,4.683234666636662,disconnection,2
task_1,linear,disc,200,0.5033527964867173,3.039393362384429e-14,0.23323781532774235,6.044429317925863,4.8883420006179366,disconnection,2
task_1,linear,conn_matched,200,0.2486736560873878,0.0003842473327301364,0.04631110886563017,6.741062011936438,5.2618049235883,disconnection,2
task_1,linear,conn,200,0.6161001921993908,2.7280917590470216e-22,0.3651036229218645,5.500173442900966,4.321070897448103,disconnection,2
task_1,linear,ll+conn,200,0.6078403301685519,1.3693601093161087e-21,0.3471084583431999,5.577575804816134,4.352167706096508,disconnection,2
task_1,linear,"stack(ll,conn)",200,0.6052684091418452,2.241492006605233e-21,0.3658308492446678,5.497022521666562,4.3747551808688305,disconnection,2
task_1,ridge,ll,200,0.5458163248510741,6.361914791100277e-17,0.2979115331441605,5.783901387372864,4.627304676217712,disconnection,2
task_1,ridge,disc,200,0.5156590568836298,5.5515089574151824e-15,0.265636084042874,5.915352434919795,4.770361722497867,disconnection,2
task_1,ridge,conn_matched,200,0.22532015006317987,0.0013371374292738178,0.048022828275637086,6.735009729568377,5.261565254736444,disconnection,2
task_1,ridge,conn,200,0.6369980178087811,3.694489352307915e-24,0.4054988069366646,5.322324203783862,4.258858202071642,disconnection,2
task_1,ridge,ll+conn,200,0.629515138858906,1.7900398626570057e-23,0.3962486534206583,5.363570785173179,4.302142113836124,disconnection,2
task_1,ridge,"stack(ll,conn)",200,0.6241093466607465,5.45081005331656e-23,0.38804550933964477,5.399885155901249,4.285790418860021,disconnection,2
task_1,bagged_trees,ll,200,0.4842893660090911,3.7125653472664117e-13,0.2297299345186954,6.058239950898922,4.829247888612872,disconnection,2
task_1,bagged_trees,disc,200,0.5088872086350884,1.4269012833978195e-14,0.257780991231517,5.946904943876394,4.749711128753159,disconnection,2
task_1,bagged_trees,conn_matched,200,0.1915301680186324,0.006590318965586213,0.0350262426481146,6.78082774060452,5.33263611746816,disconnection,2
task_1,bagged_trees,conn,200,0.5884887738959598,5.0180110541698306e-20,0.3339135714859549,5.6336550675329935,4.530254782788998,disconnection,2
task_1,bagged_trees,ll+conn,200,0.5986604713422026,7.791529108229143e-21,0.350859463686525,5.561530526527588,4.507135020666448,disconnection,2
task_1,bagged_trees,"stack(ll,conn)",200,0.5665220380968996,2.2584576205755273e-18,0.31961978048301976,5.693781537648459,4.615202905584445,disconnection,2
task_1,svm_gaussian_10,ll,200,0.5275463009135671,1.0054199950712334e-15,0.2729922902685946,5.885650489301866,4.648196535981721,disconnection,2
task_1,svm_gaussian_10,disc,200,0.5100595647572619,1.2135710728039449e-14,0.25981453204477334,5.938752654279157,4.772228253584628,disconnection,2
task_1,svm_gaussian_10,conn_matched,200,0.1861418980233302,0.008313902286790797,0.025737229471946677,6.813386316111776,5.242431340518653,disconnection,2
task_1,svm_gaussian_10,conn,200,0.6066865985282308,1.7090869934028402e-21,0.3645634069798308,5.5025129188440625,4.369982113761709,disconnection,2
task_1,svm_gaussian_10,ll+conn,200,0.5932116597584259,2.1305544413513136e-20,0.3478975809914343,5.574204094618052,4.438344502819509,disconnection,2
task_1,svm_gaussian_10,"stack(ll,conn)",200,0.5913264681680743,3.004180083069831e-20,0.3494430262360665,5.56759490481956,4.409252973627699,disconnection,2
task_0,linear,ll,200,0.6817745898697263,1.0932366786036844e-28,0.4612937681800775,5.942592842594743,4.582330239919928,both,0
task_0,linear,disc,200,0.6866999138064278,3.095471952207097e-29,0.459930436460666,5.950107704547053,4.5840846674667715,both,0
task_0,linear,conn_matched,200,0.43487147021158873,1.2385081211169145e-10,0.1855625809812489,7.3068271740325095,5.5617471862310515,both,0
task_0,linear,conn,200,0.6308832092529698,1.3457509118019313e-23,0.3398604252133005,6.578363390084359,5.223656395624282,both,0
task_0,linear,ll+conn,200,0.6080877136966105,1.3056578796559579e-21,0.2835000324284276,6.853431293992987,5.440780188199965,both,0
task_0,linear,"stack(ll,conn)",200,0.6906708220962132,1.0988877754088465e-29,0.47699204432150777,5.855367034632076,4.5463417314222205,both,0
task_0,ridge,ll,200,0.6823230277241752,9.511042424430869e-29,0.4655157342150066,5.919260295882994,4.585588315261557,both,0
task_0,ridge,disc,200,0.6998305859772187,9.446435494895059e-31,0.48962909191317394,5.784195073885014,4.566658313494143,both,0
task_0,ridge,conn_matched,200,0.43385286523758343,1.3828069259953937e-10,0.18798866739450004,7.295936088402477,5.555593410790405,both,0
task_0,ridge,conn,200,0.7122452823069034,2.914740404868171e-32,0.5072444968158786,5.68349807714649,4.558298608459603,both,0
task_0,ridge,ll+conn,200,0.7126976623737942,2.55882966594445e-32,0.5078783621857452,5.679841363124367,4.5487396432179805,both,0
task_0,ridge,"stack(ll,conn)",200,0.7003116280664577,8.282914600480753e-31,0.4896243421369755,5.784221989181059,4.574915138228441,both,0
task_0,bagged_trees,ll,200,0.6448651035519427,6.70549984624355e-25,0.39001317743741715,6.323539013799755,4.875439779492454,both,0
task_0,bagged_trees,disc,200,0.6470920484679045,4.0990272203298447e-25,0.411821932072332,6.209467938007803,4.8808477393615135,both,0
task_0,bagged_trees,conn_matched,200,0.3602416960222064,1.6088649242295803e-07,0.12519648492341817,7.572778175106249,5.699583606948681,both,0
task_0,bagged_trees,conn,200,0.6921331872379354,7.472800853066069e-30,0.4657378823049563,5.918030054774987,4.685016019288754,both,0
task_0,bagged_trees,ll+conn,200,0.6904537938366316,1.1633829866723138e-29,0.46445628750750423,5.925123926178925,4.707114013398953,both,0
task_0,bagged_trees,"stack(ll,conn)",200,0.692008536692973,7.72319945045614e-30,0.47833885624914885,5.847823017817471,4.637523103572197,both,0
task_0,svm_gaussian_10,ll,200,0.6823090718182138,9.544846034883884e-29,0.4612481516256227,5.942844440641692,4.655018980125579,both,0
task_0,svm_gaussian_10,disc,200,0.6757119420206125,4.99633783169954e-28,0.45546753556643726,5.974641680416214,4.743516146751172,both,0
task_0,svm_gaussian_10,conn_matched,200,0.42588417817707286,3.234107118047567e-10,0.16184036016916714,7.412476813916543,5.543219137170572,both,0
task_0,svm_gaussian_10,conn,200,0.6848236481010722,5.0205867504579873e-29,0.4680728964692774,5.905083398621524,4.723244431166147,both,0
task_0,svm_gaussian_10,ll+conn,200,0.681063444345274,1.3090265530515287e-28,0.4627502581774383,5.93455396652862,4.745823686092956,both,0
task_0,svm_gaussian_10,"stack(ll,conn)",200,0.6914331052705419,8.990440982266413e-30,0.47802909019848094,5.849558999334175,4.600461826653857,both,0
task_1,linear,ll,200,0.6783070719020945,2.618794992234373e-28,0.45732761938356825,5.8112045329885555,4.607177653589187,both,0
task_1,linear,disc,200,0.641365700979957,1.4413170215490764e-24,0.40082957427641763,6.106220549393577,4.937701896462135,both,0
task_1,linear,conn_matched,200,0.39705831546058895,5.844928350919812e-09,0.1557955831919312,7.248048853945836,5.7570539663081775,both,0
task_1,linear,conn,200,0.6396328178733307,2.0976748795420467e-24,0.3101205866477875,6.5521509558376465,5.38913244590082,both,0
task_1,linear,ll+conn,200,0.609283910560146,1.0364251019058926e-21,0.20384506683742298,7.038759024415721,5.65129780912069,both,0
task_1,linear,"stack(ll,conn)",200,0.6936517154168778,4.9948542848448034e-30,0.48044079370006876,5.686104334129935,4.6264678319444865,both,0
task_1,ridge,ll,200,0.682344804272235,9.458531126742705e-29,0.465526414601214,5.76713908306154,4.589884206863826,both,0
task_1,ridge,disc,200,0.64837673693277,3.080071334632863e-25,0.42030876282175966,6.006143021987989,4.833302359276147,both,0
task_1,ridge,conn_matched,200,0.3939631763684094,7.848226151092367e-09,0.1548991633456005,7.2518960092288784,5.744312633366771,both,0
task_1,ridge,conn,200,0.7080615781373408,9.605885790966278e-32,0.5011000686077551,5.571909116794451,4.532697005399584,both,0
task_1,ridge,ll+conn,200,0.7117784731365102,3.3330973926317136e-32,0.506533374186102,5.541485418711602,4.4952239977212605,both,0
task_1,ridge,"stack(ll,conn)",200,0.7131753054988238,2.229490365847676e-32,0.5081417735407302,5.532447121456315,4.481833109671815,both,0
task_1,bagged_trees,ll,200,0.6282774833741925,2.3143025336822114e-23,0.36271015678179663,6.297465550636957,5.09717926441708,both,0
task_1,bagged_trees,disc,200,0.6353999645632649,5.193854724684764e-24,0.39209802627767665,6.150551774232964,4.8830223239379995,both,0
task_1,bagged_trees,conn_matched,200,0.35802215067278054,1.9396219178391044e-07,0.1175219600764682,7.410529755271098,5.785533520049324,both,0
task_1,bagged_trees,conn,200,0.6735505750210381,8.51396609436909e-28,0.4419891444463332,5.89275826733074,4.7968847618999435,both,0
task_1,bagged_trees,ll+conn,200,0.6848258926314229,5.0176939542126375e-29,0.45844625122602056,5.8052120114344214,4.705118254521076,both,0
task_1,bagged_trees,"stack(ll,conn)",200,0.6820480468767565,1.0199331695818224e-28,0.46517695118735236,5.769024185369598,4.653297476645091,both,0
task_1,svm_gaussian_10,ll,200,0.67766636535709,3.0735014438575574e-28,0.45857840781528625,5.80450363869021,4.63170386142616,both,0
task_1,svm_gaussian_10,disc,200,0.6500117655139357,2.136616672417899e-25,0.4224546756757025,5.995015883357557,4.8162207975315585,both,0
task_1,svm_gaussian_10,conn_matched,200,0.3998926904146927,4.450522946686765e-09,0.14364067185737894,7.300041319740582,5.698405910297441,both,0
task_1,svm_gaussian_10,conn,200,0.6909252204637093,1.0277586475252782e-29,0.476864446707445,5.705640709745051,4.605796491158029,both,0
task_1,svm_gaussian_10,ll+conn,200,0.6881593590071384,2.11961916613899e-29,0.473098431698479,5.726141128037478,4.5811227233323395,both,0
task_1,svm_gaussian_10,"stack(ll,conn)",200,0.6966454692289549,2.240737556611392e-30,0.48523556446462723,5.659806311574658,4.5260246962171236,both,0
task_0,linear,ll,200,0.6840921145517518,6.056395938968936e-29,0.4641035720826552,5.108858674338171,4.0349377287674,both,1
task_0,linear,disc,200,0.6254271331267085,4.163354027370056e-23,0.3772616654934875,5.50726859949899,4.427284395979207,both,1
task_0,linear,conn_matched,200,0.3731648271075249,5.2645431293396074e-08,0.13558964465271361,6.488486993209115,5.0274484546719975,both,1
task_0,linear,conn,200,0.6182682177012238,1.7722055845504846e-22,0.32152469621858326,5.748446317203877,4.647369220485287,both,1
task_0,linear,ll+conn,200,0.5998125099396304,6.2833031735256446e-21,0.28499668752427465,5.901161288925031,4.690570236868604,both,1
task_0,linear,"stack(ll,conn)",200,0.6924674206371251,6.840170215709842e-30,0.47939451156901625,5.0354446793856455,3.9528627121203965,both,1
task_0,ridge,ll,200,0.6859324816436986,3.7741918885761656e-29,0.47028415125054157,5.079312595492571,3.965967211800916,both,1
task_0,ridge,disc,200,0.6447188240120192,6.924837902344649e-25,0.4154960624154891,5.335525237628778,4.255593300471216,both,1
task_0,ridge,conn_matched,200,0.36534375807155844,1.0411678347646126e-07,0.1332442237465491,6.497283697199651,5.021625949178184,both,1
task_0,ridge,conn,200,0.6928915147903344,6.112888855952775e-30,0.47957894218805086,5.034552667618193,3.974403226649281,both,1
task_0,ridge,ll+conn,200,0.6945084381598755,3.974969141830775e-30,0.4817995280538021,5.023800212982949,3.9470393130715014,both,1
task_0,ridge,"stack(ll,conn)",200,0.6991803250298754,1.1278547033914386e-30,0.4888050590881573,4.989726385407277,3.8891419975483053,both,1
task_0,bagged_trees,ll,200,0.6411494371226552,1.5106238511004436e-24,0.3770850260160291,5.508049611378189,4.198992129053205,both,1
task_0,bagged_trees,disc,200,0.6272869318265305,2.840169561002383e-23,0.39023736508112283,5.44959040930164,4.273231787662271,both,1
task_0,bagged_trees,conn_matched,200,0.30751615212350886,9.44582359997334e-06,0.09194715423564537,6.650266047171507,4.989234985027814,both,1
task_0,bagged_trees,conn,200,0.6203972670726775,1.1564247172818917e-22,0.3816109917660867,5.488002981566835,4.269773131213249,both,1
task_0,bagged_trees,ll+conn,200,0.6358871923874898,4.682501878018962e-24,0.40085037429826154,5.4019567666305965,4.281140305796068,both,1
task_0,bagged_trees,"stack(ll,conn)",200,0.6421818005853006,1.2068191407560033e-24,0.4116182979049928,5.353194672138369,4.139270071480686,both,1
task_0,svm_gaussian_10,ll,200,0.6701279721097179,1.962028756932239e-27,0.44174568298798145,5.2143418869758325,4.075868330331567,both,1
task_0,svm_gaussian_10,disc,200,0.6339757372840439,7.024330717393217e-24,0.3944357235651267,5.430797151585957,4.360262376626705,both,1
task_0,svm_gaussian_10,conn_matched,200,0.30276229803102256,1.315088127303426e-05,0.07970017398536389,6.694962177838561,5.11955463793713,both,1
task_0,svm_gaussian_10,conn,200,0.6517419346863389,1.44738759287017e-25,0.4207796789798083,5.311355283375696,4.209480517097803,both,1
task_0,svm_gaussian_10,ll+conn,200,0.6525726153288574,1.1994582578749791e-25,0.4226497131822996,5.302774398485092,4.18885956690267,both,1
task_0,svm_gaussian_10,"stack(ll,conn)",200,0.6679544651570319,3.3148091153667435e-27,0.4454098450956717,5.197201268374913,4.022251891584398,both,1
task_1,linear,ll,200,0.6881812527915911,2.107575718760344e-29,0.4690297467940159,5.372562621915835,4.251030422325109,both,1
task_1,linear,disc,200,0.6535674914985741,9.570158333117967e-26,0.41870797590231323,5.62138813608665,4.5580028009177145,both,1
task_1,linear,conn_matched,200,0.3266260742203279,2.354427694507885e-06,0.10181695585229666,6.987612560905202,5.431791655178852,both,1
task_1,linear,conn,200,0.524326613425449,1.6077090304774587e-15,0.1412042363458088,6.832684025940397,5.508279979225158,both,1
task_1,linear,ll+conn,200,0.5065010076877182,1.9802079577717102e-14,0.0647370662406459,7.130389469379928,5.682494611010369,both,1
task_1,linear,"stack(ll,conn)",200,0.6777486865562128,3.010991063511325e-28,0.45883952594443833,5.423871913932549,4.3155655060881495,both,1
task_1,ridge,ll,200,0.6919090580985686,7.928943842711378e-30,0.4785745617763275,5.324054569044334,4.227954833028012,both,1
task_1,ridge,disc,200,0.6432774334244893,9.500420628469495e-25,0.41370024495987634,5.64554985703012,4.503420141279216,both,1
task_1,ridge,conn_matched,200,0.3165514276409441,4.956089998750293e-06,0.09990268772260347,6.995054832641817,5.405156561402498,both,1
task_1,ridge,conn,200,0.6986813676652449,1.2917695227830211e-30,0.48795567896057923,5.275943884028933,4.180665031854351,both,1
task_1,ridge,ll+conn,200,0.7046318532423828,2.5139303745127183e-31,0.49632834886139543,5.232631418135347,4.148197181237317,both,1
task_1,ridge,"stack(ll,conn)",200,0.6981154798091527,1.5061741274868033e-30,0.48621630714754516,5.284897257478258,4.20608350092113,both,1
task_1,bagged_trees,ll,200,0.6477473000740387,3.5436291346519844e-25,0.39635213754049614,5.728464476684145,4.482429673219934,both,1
task_1,bagged_trees,disc,200,0.6437296240545566,8.60474613648341e-25,0.4109695347937974,5.658681750218519,4.500695521224318,both,1
task_1,bagged_trees,conn_matched,200,0.3126090013890697,6.5839410826804516e-06,0.09033334094587553,7.03214034083491,5.506415835023315,both,1
task_1,bagged_trees,conn,200,0.6740253092010811,7.57628953614703e-28,0.4441576862399317,5.496955143379019,4.3160385692411145,both,1
task_1,bagged_trees,ll+conn,200,0.680253845974169,1.6059968993414518e-28,0.453568343098222,5.450223558313968,4.2929683846716555,both,1
task_1,bagged_trees,"stack(ll,conn)",200,0.6873080457428616,2.644309739895486e-29,0.4716445880007665,5.359317306744608,4.236752196927866,both,1
task_1,svm_gaussian_10,ll,200,0.6505755826434687,1.8824718977464536e-25,0.41964802883687524,5.616840903044414,4.491366011253381,both,1
task_1,svm_gaussian_10,disc,200,0.6178765763566668,1.9163039886646467e-22,0.3800257473001797,5.805414290298671,4.591822627302235,both,1
task_1,svm_gaussian_10,conn_matched,200,0.28414061722339484,4.5516536912378146e-05,0.07752751341614572,7.081464815275398,5.460519492965077,both,1
task_1,svm_gaussian_10,conn,200,0.6388337621400081,2.4919491051394736e-24,0.40695415880480323,5.67793639366227,4.529229352270431,both,1
task_1,svm_gaussian_10,ll+conn,200,0.6369996525835416,3.693198405477938e-24,0.4049004954154619,5.687758983974092,4.544225647819056,both,1
task_1,svm_gaussian_10,"stack(ll,conn)",200,0.6527786023684238,1.1447508737427926e-25,0.4242634645227057,5.594461452481868,4.508876917673823,both,1
task_0,linear,ll,200,0.6234954912571962,6.177047174617184e-23,0.38622004474932725,5.179699526607686,4.064005235687748,both,2
task_0,linear,disc,200,0.6147956286496471,3.5309625931368875e-22,0.36543034667380636,5.266691331991967,4.131519626272434,both,2
task_0,linear,conn_matched,200,0.4385843692268063,8.261964754899634e-11,0.18891597090587986,5.954305884810605,4.7211412573790525,both,2
task_0,linear,conn,200,0.48863709340339734,2.126625684721659e-13,0.09386955121138929,6.2935194495619,4.922817838930176,both,2
task_0,linear,ll+conn,200,0.4837149205606204,3.9938460999058645e-13,0.08677759668112184,6.318099995143223,4.947782015809106,both,2
task_0,linear,"stack(ll,conn)",200,0.6145304991359355,3.720475653313209e-22,0.3774407379421332,5.216612358074554,4.100451925151358,both,2
task_0,ridge,ll,200,0.6221028861504467,8.195351573793954e-23,0.386843038856429,5.177070130265252,4.072545818770667,both,2
task_0,ridge,disc,200,0.6320185617404065,1.060895809092309e-23,0.3988868791047887,5.12597307192462,4.054040783778881,both,2
task_0,ridge,conn_matched,200,0.4321263723755617,1.6654222329629865e-10,0.18657662801402486,5.962886459339057,4.724530007612206,both,2
task_0,ridge,conn,200,0.6277665388861556,2.57234196218328e-23,0.39364438832908066,5.148277134265066,4.133353515408947,both,2
task_0,ridge,ll+conn,200,0.6251523267176451,4.404450844052622e-23,0.390176461668872,5.162978402027856,4.148034354293018,both,2
task_0,ridge,"stack(ll,conn)",200,0.6268503402627889,3.1076840667096667e-23,0.3928960930206693,5.151452864584166,4.088527021402623,both,2
task_0,bagged_trees,ll,200,0.5636851827144883,3.617899983726464e-18,0.30660714238294196,5.505387576011083,4.301226430758871,both,2
task_0,bagged_trees,disc,200,0.5970196050263956,1.056953829392062e-20,0.3550220011248816,5.309708347967815,4.176096177979475,both,2
task_0,bagged_trees,conn_matched,200,0.3942096923108895,7.667002398678947e-09,0.13218950090627457,6.159006558847914,4.874155554003969,both,2
task_0,bagged_trees,conn,200,0.5999638341047083,6.107831895115577e-21,0.35464083640417743,5.311277063937638,4.165021748496684,both,2
task_0,bagged_trees,ll+conn,200,0.6042406278733863,2.7259773927369146e-21,0.3597934228199857,5.29003179515785,4.141329867138602,both,2
task_0,bagged_trees,"stack(ll,conn)",200,0.5972817872715072,1.0068071498625908e-20,0.3552509786166148,5.308765748663602,4.135503355120708,both,2
task_0,svm_gaussian_10,ll,200,0.6031684230878696,3.3408270899034257e-21,0.3628849554852719,5.277243659210275,4.18948197403098,both,2
task_0,svm_gaussian_10,disc,200,0.6100923414433346,8.86169634212313e-22,0.37030932950627826,5.246405395439496,4.172929836757581,both,2
task_0,svm_gaussian_10,conn_matched,200,0.43435568309931083,1.309648597111483e-10,0.18511686775228797,5.968234524873662,4.7522431749282035,both,2
task_0,svm_gaussian_10,conn,200,0.5908207311841603,3.293024475158173e-20,0.3466851508758412,5.343914256133876,4.245703391069112,both,2
task_0,svm_gaussian_10,ll+conn,200,0.5839600972760974,1.1262076821995701e-19,0.3381953839020906,5.378524020945185,4.284759796126766,both,2
task_0,svm_gaussian_10,"stack(ll,conn)",200,0.6053481284069459,2.2076617195989163e-21,0.36629488157487533,5.263102450668128,4.147227708102511,both,2
task_1,linear,ll,200,0.5778142236315535,3.3069477657478705e-19,0.33139576744463295,5.942074599446081,4.717252886223854,both,2
task_1,linear,disc,200,0.5703475495339577,1.1877361645930353e-18,0.30819720647175564,6.044281670315705,4.979149402593774,both,2
task_1,linear,conn_matched,200,0.3941297307364676,7.725338294859281e-09,0.15091997838554516,6.696191267761587,5.282825222871895,both,2
task_1,linear,conn,200,0.5561266144048225,1.2424028736422361e-17,0.17542915510702983,6.598838910034898,5.08524521360814,both,2
task_1,linear,ll+conn,200,0.5233913954627479,1.8408517915291347e-15,0.06936393192428514,7.010410984251824,5.329665505937111,both,2
task_1,linear,"stack(ll,conn)",200,0.6225570456193291,7.474665364318768e-23,0.38525904423382196,5.697700451113201,4.4717037055821045,both,2
task_1,ridge,ll,200,0.5788553389346007,2.7597589313786476e-19,0.33475027177549965,5.927149642048896,4.716459610389054,both,2
task_1,ridge,disc,200,0.5975687992315476,9.54586427968931e-21,0.35689591674382193,5.827659551223952,4.698251216913578,both,2
task_1,ridge,conn_matched,200,0.3920342686580761,9.416149041147919e-09,0.15368930470794961,6.685262330841069,5.245985927367956,both,2
task_1,ridge,conn,200,0.6156033744464949,3.0101383205479783e-22,0.3785848520884949,5.728546686651778,4.558015852179197,both,2
task_1,ridge,ll+conn,200,0.6167066014629295,2.418820357786092e-22,0.38008374739620154,5.721633694724387,4.5539150918124465,both,2
task_1,ridge,"stack(ll,conn)",200,0.6017959043417065,4.329547861809291e-21,0.36215763704451875,5.803770344475779,4.63424761743063,both,2
task_1,bagged_trees,ll,200,0.5445083859924591,7.795429532092826e-17,0.2877157286561016,6.133102405501959,4.924968516966216,both,2
task_1,bagged_trees,disc,200,0.5950275483108037,1.526930519330504e-20,0.3539999238914082,5.8407662191451495,4.738236904237248,both,2
task_1,bagged_trees,conn_matched,200,0.312398240935551,6.68391060144745e-06,0.09328873762198786,6.9197123944678225,5.465124682116205,both,2
task_1,bagged_trees,conn,200,0.5855081661906636,8.5549896175078e-20,0.3377350243065065,5.913838127390727,4.727973481385391,both,2
task_1,bagged_trees,ll+conn,200,0.5776272390888273,3.415910357657751e-19,0.33072264888735736,5.945064944340532,4.742008398915152,both,2
task_1,bagged_trees,"stack(ll,conn)",200,0.5797750108628562,2.3509604676465137e-19,0.33479653576208623,5.926943540244167,4.732212231084649,both,2
task_1,svm_gaussian_10,ll,200,0.5783965832954344,2.988962669327307e-19,0.3284405896022623,5.955191871050252,4.710736702330271,both,2
task_1,svm_gaussian_10,disc,200,0.5890910906393155,4.5021753776730746e-20,0.34436849973658323,5.884146063038963,4.77309098950281,both,2
task_1,svm_gaussian_10,conn_matched,200,0.3874372732651242,1.4466135975994642e-08,0.1402572975952523,6.738105214527106,5.245583832458044,both,2
task_1,svm_gaussian_10,conn,200,0.6169569305163758,2.3014381308678687e-22,0.3791077090543127,5.7261361879257375,4.548248659749763,both,2
task_1,svm_gaussian_10,ll+conn,200,0.6092511081976232,1.0430227851163132e-21,0.36979560564920866,5.768916495433045,4.572076308439453,both,2
task_1,svm_gaussian_10,"stack(ll,conn)",200,0.6122901833064357,5.775685961168756e-22,0.37455743138592834,5.747080195815838,4.58532708590349,both,2
task_0,linear,ll,200,0.23982778223093798,0.0006251198574344515,0.05006644136620164,5.438826526298758,4.377524808367021,none,0
task_0,linear,disc,200,0.23982778223093798,0.0006251198574344515,0.05006644136620164,5.438826526298758,4.377524808367021,none,0
task_0,linear,conn_matched,200,0.23982778223093798,0.0006251198574344515,0.05006644136620164,5.438826526298758,4.377524808367021,none,0
task_0,linear,conn,200,0.23982778223093798,0.0006251198574344515,0.05006644136620164,5.438826526298758,4.377524808367021,none,0
task_0,linear,ll+conn,200,0.23982778223093798,0.0006251198574344515,0.05006644136620164,5.438826526298758,4.377524808367021,none,0
task_0,linear,"stack(ll,conn)",200,0.20144720399918012,0.00423080524960306,0.039456755507909724,5.469114966523618,4.396621576154103,none,0
task_0,ridge,ll,200,0.22971844925961152,0.0010670729898022426,0.05256474927738142,5.431669810473669,4.36978432771235,none,0
task_0,ridge,disc,200,0.22971844925961152,0.0010670729898022426,0.05256474927738142,5.431669810473669,4.36978432771235,none,0
task_0,ridge,conn_matched,200,0.22971844925961152,0.0010670729898022426,0.05256474927738142,5.431669810473669,4.36978432771235,none,0
task_0,ridge,conn,200,0.22971844925961152,0.0010670729898022426,0.05256474927738142,5.431669810473669,4.36978432771235,none,0
task_0,ridge,ll+conn,200,0.22971844925961152,0.0010670729898022426,0.05256474927738142,5.431669810473669,4.36978432771235,none,0
task_0,ridge,"stack(ll,conn)",200,0.1847038635258409,0.00883687462267281,0.0324964804078306,5.488894312400192,4.405950066689326,none,0
task_0,bagged_trees,ll,200,0.1847706037886655,0.008811972429105834,0.030923442496495923,5.493354622867281,4.407928430094858,none,0
task_0,bagged_trees,disc,200,0.1847706037886655,0.008811972429105834,0.030923442496495923,5.493354622867281,4.407928430094858,none,0
task_0,bagged_trees,conn_matched,200,0.1847706037886655,0.008811972429105834,0.030923442496495923,5.493354622867281,4.407928430094858,none,0
task_0,bagged_trees,conn,200,0.1847706037886655,0.008811972429105834,0.030923442496495923,5.493354622867281,4.407928430094858,none,0
task_0,bagged_trees,ll+conn,200,0.1847706037886655,0.008811972429105834,0.030923442496495923,5.493354622867281,4.407928430094858,none,0
task_0,bagged_trees,"stack(ll,conn)",200,0.13127773630511422,0.06389127547304106,0.011073951562323159,5.5493293408037365,4.453204820847235,none,0
task_0,svm_gaussian_10,ll,200,0.2498414865624055,0.00035985943005318634,0.06208227637874719,5.404318838508661,4.359925860556327,none,0
task_0,svm_gaussian_10,disc,200,0.2498414865624055,0.00035985943005318634,0.06208227637874719,5.404318838508661,4.359925860556327,none,0
task_0,svm_gaussian_10,conn_matched,200,0.2498414865624055,0.00035985943005318634,0.06208227637874719,5.404318838508661,4.359925860556327,none,0
task_0,svm_gaussian_10,conn,200,0.2498414865624055,0.00035985943005318634,0.06208227637874719,5.404318838508661,4.359925860556327,none,0
task_0,svm_gaussian_10,ll+conn,200,0.2498414865624055,0.00035985943005318634,0.06208227637874719,5.404318838508661,4.359925860556327,none,0
task_0,svm_gaussian_10,"stack(ll,conn)",200,0.21780957616819052,0.0019465475902969674,0.04687291869399146,5.447961082182533,4.3852894914174705,none,0
task_1,linear,ll,200,0.23171236313288013,0.0009619842666144843,0.030341175540537613,5.210917833015278,4.272270085199346,none,0
task_1,linear,disc,200,0.2680939613770726,0.00012396151471107643,0.05995840600719704,5.130719630985107,4.2356922546808455,none,0
task_1,linear,conn_matched,200,0.2680939613770726,0.00012396151471107643,0.05995840600719704,5.130719630985107,4.2356922546808455,none,0
task_1,linear,conn,200,0.2680939613770726,0.00012396151471107643,0.05995840600719704,5.130719630985107,4.2356922546808455,none,0
task_1,linear,ll+conn,200,0.23171236313288013,0.0009619842666144843,0.030341175540537613,5.210917833015278,4.272270085199346,none,0
task_1,linear,"stack(ll,conn)",200,0.22390724753371402,0.0014363565013231759,0.0432702807802402,5.176060936042562,4.272248006544025,none,0
task_1,ridge,ll,200,0.2153011904172981,0.002200678136672552,0.03578067260935025,5.196281429528089,4.283409430099216,none,0
task_1,ridge,disc,200,0.250308363423871,0.00035051784499808713,0.058834716265195874,5.133785248064413,4.252732523334414,none,0
task_1,ridge,conn_matched,200,0.250308363423871,0.00035051784499808713,0.058834716265195874,5.133785248064413,4.252732523334414,none,0
task_1,ridge,conn,200,0.250308363423871,0.00035051784499808713,0.058834716265195874,5.133785248064413,4.252732523334414,none,0
task_1,ridge,ll+conn,200,0.2153011904172981,0.002200678136672552,0.03578067260935025,5.196281429528089,4.283409430099216,none,0
task_1,ridge,"stack(ll,conn)",200,0.21598487324963989,0.0021285779381280704,0.03678752132050489,5.1935677130430244,4.274933217087954,none,0
task_1,bagged_trees,ll,200,0.22170853366369025,0.0016042160619495918,0.04759193690063457,5.164357278683123,4.285401920411895,none,0
task_1,bagged_trees,disc,200,0.24012785301765463,0.000615062364560179,0.05715666154332777,5.138359862220006,4.265891285873754,none,0
task_1,bagged_trees,conn_matched,200,0.24012785301765463,0.000615062364560179,0.05715666154332777,5.138359862220006,4.265891285873754,none,0
task_1,bagged_trees,conn,200,0.24012785301765463,0.000615062364560179,0.05715666154332777,5.138359862220006,4.265891285873754,none,0
task_1,bagged_trees,ll+conn,200,0.22170853366369025,0.0016042160619495918,0.04759193690063457,5.164357278683123,4.285401920411895,none,0
task_1,bagged_trees,"stack(ll,conn)",200,0.24672496967289026,0.00042838104921128064,0.05801436730859999,5.1360221442432925,4.266235497658644,none,0
task_1,svm_gaussian_10,ll,200,0.19699454900572622,0.005175356269364658,0.023855248093116344,5.22831637842826,4.340730416984098,none,0
task_1,svm_gaussian_10,disc,200,0.23950234874153492,0.0006361989203899536,0.051548250615853664,5.153619717227295,4.305953829664682,none,0
task_1,svm_gaussian_10,conn_matched,200,0.23950234874153492,0.0006361989203899536,0.051548250615853664,5.153619717227295,4.305953829664682,none,0
task_1,svm_gaussian_10,conn,200,0.23950234874153492,0.0006361989203899536,0.051548250615853664,5.153619717227295,4.305953829664682,none,0
task_1,svm_gaussian_10,ll+conn,200,0.19699454900572622,0.005175356269364658,0.023855248093116344,5.22831637842826,4.340730416984098,none,0
task_1,svm_gaussian_10,"stack(ll,conn)",200,0.17773776209111136,0.01180512248733901,0.021873045169597205,5.233622112099732,4.342573388090572,none,0
task_0,linear,ll,200,0.2530397901044305,0.00030022608600220553,0.0480481695261169,4.967721296554739,3.98811234450719,none,1
task_0,linear,disc,200,0.27728129359538406,7.038065756734118e-05,0.06892521698093734,4.912946312370672,3.9236774206075644,none,1
task_0,linear,conn_matched,200,0.27728129359538406,7.038065756734118e-05,0.06892521698093734,4.912946312370672,3.9236774206075644,none,1
task_0,linear,conn,200,0.27728129359538406,7.038065756734118e-05,0.06892521698093734,4.912946312370672,3.9236774206075644,none,1
task_0,linear,ll+conn,200,0.2530397901044305,0.00030022608600220553,0.0480481695261169,4.967721296554739,3.98811234450719,none,1
task_0,linear,"stack(ll,conn)",200,0.18311426237044068,0.0094487210060495,0.023017738667746035,5.032607671347147,4.033030597695879,none,1
task_0,ridge,ll,200,0.24917476950577785,0.0003736005949055983,0.05904704211299716,4.93893933708338,3.968317237884759,none,1
task_0,ridge,disc,200,0.2665222800900621,0.0001362917849367129,0.07046560597279583,4.908880591094771,3.9286485479810187,none,1
task_0,ridge,conn_matched,200,0.2665222800900621,0.0001362917849367129,0.07046560597279583,4.908880591094771,3.9286485479810187,none,1
task_0,ridge,conn,200,0.2665222800900621,0.0001362917849367129,0.07046560597279583,4.908880591094771,3.9286485479810187,none,1
task_0,ridge,ll+conn,200,0.24917476950577785,0.0003736005949055983,0.05904704211299716,4.93893933708338,3.968317237884759,none,1
task_0,ridge,"stack(ll,conn)",200,0.19163466245347915,0.006560307875110634,0.02721462419752907,5.021786589424872,4.03266914547027,none,1
task_0,bagged_trees,ll,200,0.22734266196992756,0.001206003088319422,0.05042467786267879,4.9615165663885055,3.9500590370652855,none,1
task_0,bagged_trees,disc,200,0.24991506092506754,0.00035837213044172624,0.06206293306844146,4.9310179755959656,3.9297921568424785,none,1
task_0,bagged_trees,conn_matched,200,0.24991506092506754,0.00035837213044172624,0.06206293306844146,4.9310179755959656,3.9297921568424785,none,1
task_0,bagged_trees,conn,200,0.24991506092506754,0.00035837213044172624,0.06206293306844146,4.9310179755959656,3.9297921568424785,none,1
task_0,bagged_trees,ll+conn,200,0.22734266196992756,0.001206003088319422,0.05042467786267879,4.9615165663885055,3.9500590370652855,none,1
task_0,bagged_trees,"stack(ll,conn)",200,0.17604367801876697,0.012647857375190742,0.026508194295450038,5.023609651572449,3.980594720811481,none,1
task_0,svm_gaussian_10,ll,200,0.254093363981332,0.00028268678016195244,0.0628104945423339,4.92905250584496,3.9651311125619966,none,1
task_0,svm_gaussian_10,disc,200,0.26558158641356483,0.00014421078824793183,0.0690104663712594,4.912721392056627,3.94151965955189,none,1
task_0,svm_gaussian_10,conn_matched,200,0.26558158641356483,0.00014421078824793183,0.0690104663712594,4.912721392056627,3.94151965955189,none,1
task_0,svm_gaussian_10,conn,200,0.26558158641356483,0.00014421078824793183,0.0690104663712594,4.912721392056627,3.94151965955189,none,1
task_0,svm_gaussian_10,ll+conn,200,0.254093363981332,0.00028268678016195244,0.0628104945423339,4.92905250584496,3.9651311125619966,none,1
task_0,svm_gaussian_10,"stack(ll,conn)",200,0.2047671456297143,0.003630780542124451,0.039460207180169515,4.990078948638984,4.019240351349829,none,1
task_1,linear,ll,200,0.3625393286626423,1.3237741109317503e-07,0.12794791113886128,5.131831272384532,4.038119546395787,none,1
task_1,linear,disc,200,0.3625393286626423,1.3237741109317503e-07,0.12794791113886128,5.131831272384532,4.038119546395787,none,1
task_1,linear,conn_matched,200,0.3625393286626423,1.3237741109317503e-07,0.12794791113886128,5.131831272384532,4.038119546395787,none,1
task_1,linear,conn,200,0.3625393286626423,1.3237741109317503e-07,0.12794791113886128,5.131831272384532,4.038119546395787,none,1
task_1,linear,ll+conn,200,0.3625393286626423,1.3237741109317503e-07,0.12794791113886128,5.131831272384532,4.038119546395787,none,1
task_1,linear,"stack(ll,conn)",200,0.3380409820966665,9.803493055093537e-07,0.11425660633359258,5.171959512947817,4.080914708090719,none,1
task_1,ridge,ll,200,0.35681151874141614,2.1465750884781696e-07,0.1272903232982695,5.13376578636094,4.049636048782396,none,1
task_1,ridge,disc,200,0.35681151874141614,2.1465750884781696e-07,0.1272903232982695,5.13376578636094,4.049636048782396,none,1
task_1,ridge,conn_matched,200,0.35681151874141614,2.1465750884781696e-07,0.1272903232982695,5.13376578636094,4.049636048782396,none,1
task_1,ridge,conn,200,0.35681151874141614,2.1465750884781696e-07,0.1272903232982695,5.13376578636094,4.049636048782396,none,1
task_1,ridge,ll+conn,200,0.35681151874141614,2.1465750884781696e-07,0.1272903232982695,5.13376578636094,4.049636048782396,none,1
task_1,ridge,"stack(ll,conn)",200,0.33475684494443403,1.2659790704379924e-06,0.11201275897147389,5.178506413165536,4.086344510415829,none,1
task_1,bagged_trees,ll,200,0.31582785155286636,5.222872330846141e-06,0.09820142391069242,5.218623050345814,4.111229330347053,none,1
task_1,bagged_trees,disc,200,0.31582785155286636,5.222872330846141e-06,0.09820142391069242,5.218623050345814,4.111229330347053,none,1
task_1,bagged_trees,conn_matched,200,0.31582785155286636,5.222872330846141e-06,0.09820142391069242,5.218623050345814,4.111229330347053,none,1
task_1,bagged_trees,conn,200,0.31582785155286636,5.222872330846141e-06,0.09820142391069242,5.218623050345814,4.111229330347053,none,1
task_1,bagged_trees,ll+conn,200,0.31582785155286636,5.222872330846141e-06,0.09820142391069242,5.218623050345814,4.111229330347053,none,1
task_1,bagged_trees,"stack(ll,conn)",200,0.2889385749468789,3.332801245470393e-05,0.08167693716433211,5.266218825594148,4.155575051900436,none,1
task_1,svm_gaussian_10,ll,200,0.3686395554865058,7.828449529733563e-08,0.12638302163922976,5.136433720694194,4.008246326796388,none,1
task_1,svm_gaussian_10,disc,200,0.3686395554865058,7.828449529733563e-08,0.12638302163922976,5.136433720694194,4.008246326796388,none,1
task_1,svm_gaussian_10,conn_matched,200,0.3686395554865058,7.828449529733563e-08,0.12638302163922976,5.136433720694194,4.008246326796388,none,1
task_1,svm_gaussian_10,conn,200,0.3686395554865058,7.828449529733563e-08,0.12638302163922976,5.136433720694194,4.008246326796388,none,1
task_1,svm_gaussian_10,ll+conn,200,0.3686395554865058,7.828449529733563e-08,0.12638302163922976,5.136433720694194,4.008246326796388,none,1
task_1,svm_gaussian_10,"stack(ll,conn)",200,0.3544601024898518,2.610615503783677e-07,0.1256251486274308,5.13866119606467,4.027679903717006,none,1
task_0,linear,ll,200,0.22239466765530916,0.0015500032339094646,0.03943230189357838,5.331195698547373,4.31902975779224,none,2
task_0,linear,disc,200,0.22239466765530916,0.0015500032339094646,0.03943230189357838,5.331195698547373,4.31902975779224,none,2
task_0,linear,conn_matched,200,0.22239466765530916,0.0015500032339094646,0.03943230189357838,5.331195698547373,4.31902975779224,none,2
task_0,linear,conn,200,0.22239466765530916,0.0015500032339094646,0.03943230189357838,5.331195698547373,4.31902975779224,none,2
task_0,linear,ll+conn,200,0.22239466765530916,0.0015500032339094646,0.03943230189357838,5.331195698547373,4.31902975779224,none,2
task_0,linear,"stack(ll,conn)",200,0.19133764184579027,0.006645933988005937,0.03504601235104532,5.343353890876042,4.316644801906917,none,2
task_0,ridge,ll,200,0.20044078322673572,0.004429564909381727,0.03820519258983368,5.334599868746324,4.317269066631976,none,2
task_0,ridge,disc,200,0.20044078322673572,0.004429564909381727,0.03820519258983368,5.334599868746324,4.317269066631976,none,2
task_0,ridge,conn_matched,200,0.20044078322673572,0.004429564909381727,0.03820519258983368,5.334599868746324,4.317269066631976,none,2
task_0,ridge,conn,200,0.20044078322673572,0.004429564909381727,0.03820519258983368,5.334599868746324,4.317269066631976,none,2
task_0,ridge,ll+conn,200,0.20044078322673572,0.004429564909381727,0.03820519258983368,5.334599868746324,4.317269066631976,none,2
task_0,ridge,"stack(ll,conn)",200,0.17779115395341624,0.011779385420742826,0.029867815708861545,5.357671628870237,4.325789582820596,none,2
task_0,bagged_trees,ll,200,0.16898321086532905,0.0167553729384195,0.025340491850192937,5.3701584229405075,4.315302243069787,none,2
task_0,bagged_trees,disc,200,0.16898321086532905,0.0167553729384195,0.025340491850192937,5.3701584229405075,4.315302243069787,none,2
task_0,bagged_trees,conn_matched,200,0.16898321086532905,0.0167553729384195,0.025340491850192937,5.3701584229405075,4.315302243069787,none,2
task_0,bagged_trees,conn,200,0.16898321086532905,0.0167553729384195,0.025340491850192937,5.3701584229405075,4.315302243069787,none,2
task_0,bagged_trees,ll+conn,200,0.16898321086532905,0.0167553729384195,0.025340491850192937,5.3701584229405075,4.315302243069787,none,2
task_0,bagged_trees,"stack(ll,conn)",200,0.12176695273678305,0.08586078411040897,0.01159092707950582,5.407904299597316,4.371687122072416,none,2
task_0,svm_gaussian_10,ll,200,0.1405953978523548,0.04706324118290774,0.008015050557542591,5.417677853792704,4.345088627960318,none,2
task_0,svm_gaussian_10,disc,200,0.1405953978523548,0.04706324118290774,0.008015050557542591,5.417677853792704,4.345088627960318,none,2
task_0,svm_gaussian_10,conn_matched,200,0.1405953978523548,0.04706324118290774,0.008015050557542591,5.417677853792704,4.345088627960318,none,2
task_0,svm_gaussian_10,conn,200,0.1405953978523548,0.04706324118290774,0.008015050557542591,5.417677853792704,4.345088627960318,none,2
task_0,svm_gaussian_10,ll+conn,200,0.1405953978523548,0.04706324118290774,0.008015050557542591,5.417677853792704,4.345088627960318,none,2
task_0,svm_gaussian_10,"stack(ll,conn)",200,0.10017830319280663,0.1581243455167331,0.0040671064744358665,5.4284479015522775,4.358810783627811,none,2
task_1,linear,ll,200,0.20046327299443856,0.00442503317772343,0.02854309206188521,5.129016197490671,4.013838817573152,none,2
task_1,linear,disc,200,0.20046327299443856,0.00442503317772343,0.02854309206188521,5.129016197490671,4.013838817573152,none,2
task_1,linear,conn_matched,200,0.20046327299443856,0.00442503317772343,0.02854309206188521,5.129016197490671,4.013838817573152,none,2
task_1,linear,conn,200,0.20046327299443856,0.00442503317772343,0.02854309206188521,5.129016197490671,4.013838817573152,none,2
task_1,linear,ll+conn,200,0.20046327299443856,0.00442503317772343,0.02854309206188521,5.129016197490671,4.013838817573152,none,2
task_1,linear,"stack(ll,conn)",200,0.15386178065507644,0.029610279859681957,0.02126849782461182,5.148184274536938,4.036856171924504,none,2
task_1,ridge,ll,200,0.1812424891906031,0.010217014459070228,0.030881207796041088,5.1228401860595945,4.014535542287917,none,2
task_1,ridge,disc,200,0.1812424891906031,0.010217014459070228,0.030881207796041088,5.1228401860595945,4.014535542287917,none,2
task_1,ridge,conn_matched,200,0.1812424891906031,0.010217014459070228,0.030881207796041088,5.1228401860595945,4.014535542287917,none,2
task_1,ridge,conn,200,0.1812424891906031,0.010217014459070228,0.030881207796041088,5.1228401860595945,4.014535542287917,none,2
task_1,ridge,ll+conn,200,0.1812424891906031,0.010217014459070228,0.030881207796041088,5.1228401860595945,4.014535542287917,none,2
task_1,ridge,"stack(ll,conn)",200,0.1350844178038502,0.056500055711730564,0.014853750199317228,5.16502769271035,4.056130809165314,none,2
task_1,bagged_trees,ll,200,0.24129654421851998,0.0005772988133335195,0.05762619941328917,5.051657546696012,3.935151686584811,none,2
task_1,bagged_trees,disc,200,0.24129654421851998,0.0005772988133335195,0.05762619941328917,5.051657546696012,3.935151686584811,none,2
task_1,bagged_trees,conn_matched,200,0.24129654421851998,0.0005772988133335195,0.05762619941328917,5.051657546696012,3.935151686584811,none,2
task_1,bagged_trees,conn,200,0.24129654421851998,0.0005772988133335195,0.05762619941328917,5.051657546696012,3.935151686584811,none,2
task_1,bagged_trees,ll+conn,200,0.24129654421851998,0.0005772988133335195,0.05762619941328917,5.051657546696012,3.935151686584811,none,2
task_1,bagged_trees,"stack(ll,conn)",200,0.22679400686764856,0.0012403588561105095,0.05016403778928569,5.0716188162075735,3.952526635838254,none,2
task_1,svm_gaussian_10,ll,200,0.22335620476639692,0.001476845206724555,0.049508092173724094,5.073369714315647,3.968079268870408,none,2
task_1,svm_gaussian_10,disc,200,0.22335620476639692,0.001476845206724555,0.049508092173724094,5.073369714315647,3.968079268870408,none,2
task_1,svm_gaussian_10,conn_matched,200,0.22335620476639692,0.001476845206724555,0.049508092173724094,5.073369714315647,3.968079268870408,none,2
task_1,svm_gaussian_10,conn,200,0.22335620476639692,0.001476845206724555,0.049508092173724094,5.073369714315647,3.968079268870408,none,2
task_1,svm_gaussian_10,ll+conn,200,0.22335620476639692,0.001476845206724555,0.049508092173724094,5.073369714315647,3.968079268870408,none,2
task_1,svm_gaussian_10,"stack(ll,conn)",200,0.2015981481218551,0.004201697551141524,0.04012062770068636,5.098361542666362,3.9925641976005055,none,2
