truth,model,conn,conn_matched,disc,ll,ll+conn,"stack(ll,conn)"
both,bagged_trees,0.641,0.341,0.624,0.612,0.646,0.647
both,linear,0.576,0.394,0.632,0.656,0.555,0.665
both,ridge,0.676,0.389,0.644,0.657,0.678,0.673
both,svm_gaussian_10,0.646,0.372,0.629,0.644,0.642,0.654
disconnection,bagged_trees,0.469,0.227,0.447,0.416,0.479,0.456
disconnection,linear,0.466,0.269,0.482,0.481,0.469,0.509
disconnection,ridge,0.495,0.255,0.485,0.478,0.51,0.509
disconnection,svm_gaussian_10,0.481,0.255,0.491,0.467,0.489,0.495
load,bagged_trees,0.463,0.321,0.462,0.458,0.476,0.469
load,linear,0.387,0.362,0.457,0.514,0.382,0.502
load,ridge,0.47,0.355,0.464,0.511,0.481,0.51
load,svm_gaussian_10,0.447,0.343,0.453,0.507,0.455,0.501
none,bagged_trees,0.233,0.233,0.233,0.227,0.227,0.199
none,linear,0.262,0.262,0.262,0.252,0.252,0.215
none,ridge,0.248,0.248,0.248,0.239,0.239,0.207
none,svm_gaussian_10,0.248,0.248,0.248,0.239,0.239,0.209
